{
   "model" : {
      "forced_init" : false,
      "has_feet" : false,
      "has_knee" : true,
      "init_state" : {
         "q1" : 0.0,
         "q1_dot" : -1.446501795207766,
         "q2" : 0.0,
         "q2_dot" : 2.027318684814765,
         "q3" : 0.0,
         "q3_dot" : 0.0,
         "swing" : -0.6902799449486979
      },
      "parameters" : {
         "L" : 2.0,
         "a1" : 0.7059480828054557,
         "a2" : 0.3528381524487713,
         "b1" : 0.2940519171945443,
         "b2" : 0.6471618475512286,
         "m_h" : 0.1982105696079079,
         "m_s" : 0.4371521976887007,
         "m_t" : 0.4952030657413171
      }
   },
   "world" : {
      "ground" : {
         "slope" : -0.1245786751093482
      }
   }
}
