{
    "model":
    {
	"name": "Passive Walker with Knees",
	"has_knee": true,
	"has_feet": false,
	"forced_init": false,
	"parameters":
	{
	    "m_h": 1.0,
	    "m_t": 0.01,
	    "m_s": 0.01,
	    "L": 2.0,
	    "a1": 0.807974366499615,
	    "b1": 0.19202563350038504,
	    "a2": 0.00620598831316641,
	    "b2": 0.9937940116868336
	},

	"init_state":
	{
	    "q1":0.0,
	    "q1_dot":-0.235993208004251,
	    "q2":0.0,
	    "q2_dot":0.126013073788845,
	    "q3":0.0,
	    "q3_dot":0.0,
	    "swing":-0.0556991554018363
	}


    },
    "world":
    {
	"ground":
	{
	    "slope":-0.00416506081153808
	}
    }


}
